MY JARVIS - 24 Month Revenue Model,,,,,,,,,,,,
,,,,,,,,,,,,
Month,Total Users,New Users,Churned Users,DAU,DAU/MAU %,Paid Conversion %,Total Paid,Pro Users,Pro+ Users,Gross MRR (USD),Net MRR (USD),ARR (USD)
M1,200,200,0,50,25%,3.0%,6,5,1,28,27,324
M2,500,330,30,130,26%,3.0%,15,13,2,68,66,792
M3,1000,575,75,300,30%,3.0%,30,26,4,136,132,1584
M4,1800,920,120,540,30%,4.0%,72,61,11,332,322,3864
M5,3000,1470,270,900,30%,4.5%,135,115,20,620,601,7212
M6,5000,2450,450,1500,30%,5.0%,250,213,38,1148,1114,13368
M7,7000,2750,750,2240,32%,5.5%,385,327,58,1772,1719,20628
M8,10000,4050,1050,3200,32%,6.0%,600,510,90,2760,2677,32124
M9,15000,6500,1500,5250,35%,6.5%,975,829,146,4484,4350,52200
M10,20000,7250,2250,7000,35%,7.0%,1400,1190,210,6440,6247,74964
M11,30000,13000,3000,10500,35%,7.0%,2100,1785,315,9660,9370,112440
M12,50000,24500,4500,17500,35%,7.0%,3500,2975,525,16100,15617,187404
M13,60000,15000,5000,21000,35%,7.5%,4500,3825,675,21600,20952,251424
M14,72000,18000,6000,25200,35%,7.5%,5400,4590,810,25920,25142,301710
M15,85000,19800,6800,29750,35%,8.0%,6800,5780,1020,31280,30342,364104
M16,100000,22500,7500,35000,35%,8.0%,8000,6800,1200,36800,35696,428352
M17,120000,28000,8000,42000,35%,8.0%,9600,8160,1440,44160,42835,514020
M18,150000,39000,9000,52500,35%,8.0%,12000,10200,1800,55200,53544,642528
M19,180000,40500,10500,63000,35%,8.0%,14400,12240,2160,66240,64253,771036
M20,215000,47000,12000,75250,35%,8.0%,17200,14620,2580,79120,76746,920958
M21,255000,53500,13500,89250,35%,8.5%,21675,18424,3251,99408,96426,1157112
M22,300000,61500,16500,105000,35%,8.5%,25500,21675,3825,116900,113393,1360716
M23,345000,63000,18000,120750,35%,8.5%,29325,24926,4399,134388,130336,1564038
M24,400000,76000,21000,140000,35%,8.5%,34000,28900,5100,155800,151126,1813512
,,,,,,,,,,,,
=== REVENUE BREAKDOWN ===,,,,,,,,,,,,
Month,Pro Revenue (USD),Pro+ Revenue (USD),Total MRR (USD),MRR Growth %,Cumulative Revenue (USD),,,,,,
M1,20,8,28,,28,,,,,,
M2,52,16,68,143%,96,,,,,,
M3,104,32,136,100%,232,,,,,,
M4,244,88,332,144%,564,,,,,,
M5,460,160,620,87%,1184,,,,,,
M6,852,304,1148,85%,2332,,,,,,
M7,1308,464,1772,54%,4104,,,,,,
M8,2040,720,2760,56%,6864,,,,,,
M9,3316,1168,4484,62%,11348,,,,,,
M10,4760,1680,6440,44%,17788,,,,,,
M11,7140,2520,9660,50%,27448,,,,,,
M12,11900,4200,16100,67%,43548,,,,,,
M13,15300,5400,20700,29%,64248,,,,,,
M14,18360,6480,24840,20%,89088,,,,,,
M15,23120,8160,31280,26%,120368,,,,,,
M16,27200,9600,36800,18%,157168,,,,,,
M17,32640,11520,44160,20%,201328,,,,,,
M18,40800,14400,55200,25%,256528,,,,,,
M19,48960,17280,66240,20%,322768,,,,,,
M20,58480,20640,79120,19%,401888,,,,,,
M21,73696,26008,99704,26%,501592,,,,,,
M22,86700,30600,117300,18%,618892,,,,,,
M23,99704,35192,134896,15%,753788,,,,,,
M24,115600,40800,156400,16%,910188,,,,,,
,,,,,,,,,,,,
=== KEY REVENUE METRICS ===,,,,,,,,,,,,
Metric,M3,M6,M12,M18,M24,,,,,,,
Total Users,1000,5000,50000,150000,400000,,,,,,,
Paid Users,30,250,3500,12000,34000,,,,,,,
Paid Conversion,3.0%,5.0%,7.0%,8.0%,8.5%,,,,,,,
MRR (USD),136,1148,16100,55200,156400,,,,,,,
ARR (USD),1584,13368,187404,642528,1813512,,,,,,,
ARPU - Paid (USD),4.53,4.59,4.60,4.60,4.59,,,,,,,
ARPU - All Users (USD),0.14,0.23,0.32,0.37,0.39,,,,,,,
Cumulative Revenue (USD),232,2332,43548,256528,910188,,,,,,,
