MY JARVIS - P&L and Cash Flow Model (24 Months),,,,,,,,,,
,,,,,,,,,,
=== MONTHLY P&L ===,,,,,,,,,,
Month,Gross Revenue,Payment Processing (3%),Net Revenue,COGS (LLM + Infra),Gross Profit,Gross Margin %,Total OpEx (Team+Mkt+Admin),EBITDA,Cumulative EBITDA,
M1,28,1,27,35,-8,-30%,5200,-5208,-5208,
M2,68,2,66,86,-20,-30%,5300,-5320,-10528,
M3,136,4,132,172,-40,-30%,5400,-5440,-15968,
M4,332,10,322,297,25,8%,10400,-10375,-26343,
M5,620,19,601,504,97,16%,10900,-10803,-37146,
M6,1148,34,1114,828,286,26%,11300,-11014,-48160,
M7,1772,53,1719,1270,449,26%,17000,-16551,-64711,
M8,2760,83,2677,1877,800,30%,18000,-17200,-81911,
M9,4484,135,4349,2899,1450,33%,19500,-18050,-99961,
M10,6440,193,6247,3876,2371,38%,19500,-17129,-117090,
M11,9660,290,9370,5809,3561,38%,20000,-16439,-133529,
M12,16100,483,15617,9770,5847,37%,21000,-15153,-148682,
M13,20700,621,20079,11408,8671,43%,33480,-24809,-173491,
M14,24840,745,24095,13606,10489,44%,33480,-22991,-196482,
M15,31280,938,30342,16208,14134,47%,34980,-20846,-217328,
M16,36800,1104,35696,17912,17784,50%,34980,-17196,-234524,
M17,44160,1325,42835,21391,21444,50%,36480,-15036,-249560,
M18,55200,1656,53544,26608,26936,50%,36980,-10044,-259604,
M19,66240,1987,64253,29948,34305,53%,44062,-9757,-269361,
M20,79120,2374,76746,35648,41098,54%,44062,-2964,-272325,
M21,99704,2991,96713,40185,56528,58%,44062,12466,-259859,
M22,117300,3519,113781,47145,66636,59%,44062,22574,-237285,
M23,134896,4047,130849,54211,76638,59%,44062,32576,-204709,
M24,156400,4692,151708,62739,88969,59%,44062,44907,-159802,
,,,,,,,,,,
=== QUARTERLY SUMMARY ===,,,,,,,,,,
Quarter,Net Revenue,COGS,Gross Profit,Gross Margin %,OpEx,EBITDA,Cumulative EBITDA,,,,
Q1 (M1-3),225,293,-68,-30%,15900,-15968,-15968,,,,
Q2 (M4-6),2037,1629,408,20%,32600,-32192,-48160,,,,
Q3 (M7-9),8745,6046,2699,31%,54500,-51801,-99961,,,,
Q4 (M10-12),31234,19455,11779,38%,60500,-48721,-148682,,,,
Q5 (M13-15),74516,41222,33294,45%,101940,-68646,-217328,,,,
Q6 (M16-18),132075,65911,66164,50%,108440,-42276,-259604,,,,
Q7 (M19-21),237712,105781,131931,56%,132186,-267,-259871,,,,
Q8 (M22-24),396338,164095,232243,59%,132186,100057,-159802,,,,
,,,,,,,,,,
=== CASH FLOW ===,,,,,,,,,,
Month,Beginning Cash,Net Revenue,Total Costs,Operating Cash Flow,Funding Received,Ending Cash,Runway (months),,,
M1,0,27,5236,-5209,150000,144791,28,,,
M2,144791,66,5388,-5322,0,139469,26,,,
M3,139469,132,5576,-5444,0,134025,24,,,
M4,134025,322,10707,-10385,0,123640,12,,,
M5,123640,601,11423,-10822,0,112818,10,,,
M6,112818,1114,12162,-11048,0,101770,9,,,
M7,101770,1719,18323,-16604,0,85166,5,,,
M8,85166,2677,19960,-17283,0,67883,4,,,
M9,67883,4349,22534,-18185,750000,799698,35,,,
M10,799698,6247,23569,-17322,0,782376,34,,,
M11,782376,9370,26099,-16729,0,765647,29,,,
M12,765647,15617,31253,-15636,0,750011,24,,,
M13,750011,20079,45536,-25457,0,724554,16,,,
M14,724554,24095,47862,-23767,0,700787,15,,,
M15,700787,30342,52126,-21784,0,679003,13,,,
M16,679003,35696,53996,-18300,0,660703,12,,,
M17,660703,42835,59196,-16361,0,644342,11,,,
M18,644342,53544,65244,-11700,0,632642,10,,,
M19,632642,64253,75998,-11745,0,620897,8,,,
M20,620897,76746,82084,-5338,0,615559,8,,,
M21,615559,96713,87238,9475,0,625034,8,,,
M22,625034,113781,94714,19067,0,644101,7,,,
M23,644101,130849,102322,28527,0,672628,7,,,
M24,672628,151708,111493,40215,0,712843,7,,,
,,,,,,,,,,
=== FUNDING MILESTONES ===,,,,,,,,,,
Event,Month,Amount (USD),Post-Money Valuation,Dilution %,Cash Before,Cash After,,,,,
Pre-Seed (SAFE),M1,150000,1200000,12.5%,0,150000,,,,,
Seed Round,M9,750000,6000000,12.5%,67883,817883,,,,,
Series A (optional),M18-24,3500000,25000000,14.0%,632642+,4132642+,,,,,
Cloud Credits,M1-M12,25000,N/A,0%,—,offset infra,,,,,
,,,,,,,,,,
=== KEY P&L METRICS ===,,,,,,,,,,
Metric,M3,M6,M12,M18,M24,,,,,,
Net Revenue (monthly),132,1114,15617,53544,151708,,,,,,
COGS,172,828,9770,26608,62739,,,,,,
Gross Profit,-40,286,5847,26936,88969,,,,,,
Gross Margin,-30%,26%,37%,50%,59%,,,,,,
EBITDA,-5440,-11014,-15153,-10044,44907,,,,,,
EBITDA Margin,-4121%,-989%,-97%,-19%,30%,,,,,,
Cash Balance,134025,101770,750011,632642,712843,,,,,,
Runway (months),24,9,24,10,7+,,,,,,
Cumulative Revenue,225,2262,43548,256528,910188,,,,,,
Cumulative Costs,16180,60322,260844,519208,910188,,,,,,
Break-even Month,,,,,~M21 (operating),,,,,,
